5001,"John","Smith","2022-03-15","111 Oak St","jsmith@email.com"
5002,"Emily","Johnson","2023-01-20","222 Pine St","ejohnson@email.com"
5003,"Michael","Williams","2022-05-10","333 Maple Ave","mwilliams@email.com"
5004,"Jessica","Brown","2023-07-04","444 Cedar Ln","jbrown@email.com"
5005,"Christopher","Jones","2022-08-30","555 Elm Rd","cjones@email.com"
5006,"Amanda","Garcia","2023-11-12",,"agarcia@email.com"
5007,"David","Miller","2022-02-18","777 Birch Pl","dmiller@email.com"
5008,"Sarah","Davis","2023-04-01","888 Willow Way","sdavis@email.com"
5009,"James","Rodriguez","2022-06-25",,"jrodriguez@email.com"
5010,"Laura","Martinez","2023-09-14","123 Aspen Ct","lmartinez@email.com"
5011,"Daniel","Hernandez","2022-10-05","234 Spruce Dr","dhernandez@email.com"
5012,"Jennifer","Lopez","2023-12-30","345 Poplar St","jlopez@email.com"
5013,"Robert","Gonzalez","2022-01-15","456 Holly Ave","rgonzalez@email.com"
5014,"Mary","Wilson","2023-03-22","567 Cherry Ln","mwilson@email.com"
5015,"Matthew","Anderson","2022-04-19",,"manderson@email.com"
5016,"Patricia","Thomas","2023-06-09","789 Redwood Rd","pthomas@email.com"
5017,"William","Taylor","2022-07-11","890 Palm Bv","wtaylor@email.com"
5018,"Linda","Moore","2023-08-28","901 Sequoia St","lmoore@email.com"
5019,"Richard","Jackson","2022-11-01","112 Cypress Ave","rjackson@email.com"
5020,"Susan","Martin","2023-02-14","223 Dogwood Pl","smartin@email.com"
5021,"Joseph","Lee","2022-12-25",,"jlee@email.com"
5022,"Karen","Perez","2023-05-18","445 Magnolia Dr","kperez@email.com"
5023,"Thomas","Thompson","2022-03-02","556 Juniper Ct","tthompson@email.com"
5024,"Nancy","White","2023-10-10","667 Sycamore Way","nwhite@email.com"
5025,"Charles","Harris","2022-09-05","778 Fig Ln","charris@email.com"
5026,"Lisa","Sanchez","2023-01-01","889 Orange St","lsanchez@email.com"
5027,"Steven","Clark","2022-05-29",,"sclark@email.com"
5028,"Betty","Ramirez","2023-11-20","100 Lemon Rd","bramirez@email.com"
5029,"Paul","Lewis","2022-08-14","211 Lime Pl","plewis@email.com"
5030,"Sandra","Robinson","2023-04-30","322 Grape Ave","srobinson@email.com"
5031,"Mark","Walker","2022-10-21","433 Peach Dr","mwalker@email.com"
5032,"Ashley","Young","2023-07-19","544 Plum Ct","ayoung@email.com"
5033,"Donald","Allen","2022-01-30",,"dallen@email.com"
5034,"Kimberly","King","2023-09-08","766 Kiwi Way","kking@email.com"
5035,"Andrew","Wright","2022-12-07","877 Mango St","awright@email.com"
5036,"Michelle","Scott","2023-02-28","988 Papaya Ln","mscott@email.com"
5037,"Joshua","Green","2022-06-15","199 Berry Rd","jgreen@email.com"
5038,"Barbara","Adams","2023-08-05","288 Melon Pl","badams@email.com"
5039,"Kevin","Baker","2022-11-23",,"kbaker@email.com"
5040,"Cynthia","Nelson","2023-05-05","477 Guava Ct","cnelson@email.com"